City,Cloudiness,Country,Date,Humidity,Latitude,Longitude,Max Temp,Wind Speed
thompson,75,CA,1624386608,36,55.7435,-97.8558,18.0,4.12
busselton,100,AU,1624386868,78,-33.65,115.3333,8.94,3.94
taybad,0,IR,1624386869,17,34.74,60.7756,27.71,9.32
carnarvon,0,AU,1624386870,55,-24.8667,113.6333,9.04,4.63
kapaa,75,US,1624386872,80,22.0752,-159.319,26.99,0.45
punta arenas,75,CL,1624386873,69,-53.15,-70.9167,2.06,2.06
cabedelo,20,BR,1624386874,65,-6.9811,-34.8339,29.0,5.14
rikitea,14,PF,1624386876,80,-23.1203,-134.9692,24.24,4.99
opuwo,0,NA,1624386728,32,-18.0607,13.84,16.67,3.78
hobart,100,AU,1624386605,93,-42.8794,147.3294,6.26,1.79
nerchinskiy zavod,28,RU,1624386880,86,51.3088,119.61,13.01,0.83
brattleboro,100,US,1624386882,93,42.8509,-72.5579,19.86,0.45
saldanha,80,ZA,1624386883,84,-33.0117,17.9442,14.03,3.97
jamestown,10,US,1624386884,62,42.097,-79.2353,16.28,4.02
te anau,13,NZ,1624386886,92,-45.4167,167.7167,2.71,0.1
cape town,40,ZA,1624386847,82,-33.9258,18.4232,16.05,3.13
atuona,62,PF,1624386888,78,-9.8,-139.0333,25.82,3.78
khromtau,26,KZ,1624386889,48,50.2503,58.4347,23.34,2.77
bethel,90,US,1624386891,88,41.3712,-73.414,18.2,0.89
northam,5,GB,1624386892,75,51.0333,-4.2167,17.49,5.15
butaritari,90,KI,1624386894,69,3.0707,172.7902,28.29,3.21
hermanus,62,ZA,1624386895,75,-34.4187,19.2345,16.0,9.48
moyale,99,KE,1624386896,65,3.5167,39.0584,20.33,2.71
okhotsk,96,RU,1624386898,88,59.3833,143.3,7.5,1.21
hilo,75,US,1624386630,78,19.7297,-155.09,24.0,1.54
kruisfontein,2,ZA,1624386901,77,-34.0033,24.7314,13.82,1.51
port elizabeth,40,ZA,1624386832,88,-33.918,25.5701,15.05,3.09
mataura,100,NZ,1624386904,96,-46.1927,168.8643,5.82,0.62
port hardy,90,CA,1624386905,82,50.6996,-127.4199,14.0,3.6
castro,98,BR,1624386907,83,-24.7911,-50.0119,16.56,0.89
albany,100,US,1624386624,86,42.6001,-73.9662,17.72,4.34
athens,20,GR,1624386791,56,37.9795,23.7162,30.13,0.45
amahai,89,ID,1624386910,87,-3.3333,128.9167,25.0,1.72
nikolskoye,93,RU,1624386911,68,59.7035,30.7861,28.94,2.71
rocha,44,UY,1624386913,70,-34.4833,-54.3333,14.47,3.72
naantali,0,FI,1624386915,65,60.4674,22.0243,25.0,2.06
dikson,99,RU,1624386917,93,73.5069,80.5464,-0.2,6.43
orlik,67,RU,1624386918,87,52.5178,99.825,10.27,0.26
ushuaia,20,AR,1624386919,46,-54.8,-68.3,7.81,8.23
saint-philippe,62,RE,1624386921,79,-21.3585,55.7679,17.77,3.81
ust-uda,100,RU,1624386795,74,54.1742,103.0304,11.17,0.97
viedma,100,AR,1624386924,59,-40.8135,-62.9967,13.78,6.3
bluff,39,NZ,1624386926,87,-46.6,168.3333,6.11,1.83
kamenka,13,RU,1624386927,69,51.3223,42.7678,23.38,3.36
halifax,90,CA,1624386843,95,44.6453,-63.5724,20.94,0.89
waingapu,16,ID,1624386929,83,-9.6567,120.2641,24.61,1.69
bredasdorp,16,ZA,1624386931,67,-34.5322,20.0403,15.0,3.6
half moon bay,75,US,1624386932,66,37.4636,-122.4286,26.04,0.89
tuatapere,56,NZ,1624386933,83,-46.1333,167.6833,6.01,0.15
kapoeta,7,SS,1624386936,40,4.7717,33.5903,27.37,4.17
meulaboh,100,ID,1624386937,94,4.1363,96.1285,22.76,1.69
banda aceh,100,ID,1624386673,69,5.5577,95.3222,26.7,6.47
ercis,0,TR,1624386940,32,39.0287,43.3586,20.78,0.77
nioki,99,CD,1624386941,77,-2.7167,17.6833,23.1,1.55
cururupu,34,BR,1624386942,77,-1.8283,-44.8683,27.26,2.53
villa carlos paz,0,AR,1624386737,62,-31.4241,-64.4978,15.59,5.36
constitucion,100,CL,1624386945,82,-35.3333,-72.4167,14.55,8.21
comodoro rivadavia,20,AR,1624386881,71,-45.8667,-67.5,9.0,1.03
maraa,35,BR,1624386947,58,-1.8333,-65.3667,30.57,1.15
pevek,100,RU,1624386950,74,69.7008,170.3133,4.03,1.84
leningradskiy,100,RU,1624386951,65,69.3833,178.4167,6.31,3.32
torbay,75,CA,1624386952,47,47.6666,-52.7314,26.43,7.72
salamiyah,0,SY,1624386954,63,35.0113,37.0532,21.69,4.74
ximei,90,CN,1624386956,100,24.9639,118.3794,23.0,2.0
kloulklubed,96,PW,1624386957,72,7.0419,134.2556,24.28,1.94
port alfred,58,ZA,1624386959,81,-33.5906,26.891,18.95,1.93
alyangula,90,AU,1624386960,94,-13.8483,136.4192,22.93,0.0
zeya,59,RU,1624386783,95,53.75,127.2667,15.06,1.28
atar,96,MR,1624386963,11,20.5169,-13.0499,39.56,4.73
mar del plata,75,AR,1624386964,53,-38.0023,-57.5575,16.11,1.34
victoria,100,HK,1624386771,91,22.2855,114.1577,27.4,3.58
qaanaaq,95,GL,1624386968,57,77.484,-69.3632,5.38,3.76
kargala,100,RU,1624386969,97,56.6208,83.9607,11.51,3.29
ust-maya,94,RU,1624386970,88,60.4167,134.5333,11.67,2.1
gulbarga,99,IN,1624386972,60,17.3333,76.8333,28.34,7.71
naze,99,JP,1624386974,75,28.3667,129.4833,23.94,7.38
geraldton,40,AU,1624386975,87,-28.7667,114.6,9.23,5.66
karratha,6,AU,1624386977,49,-20.7377,116.8463,14.44,4.97
bengkulu,38,ID,1624386978,89,-3.8004,102.2655,24.08,3.33
isangel,89,VU,1624386979,74,-19.55,169.2667,22.44,5.96
yerbogachen,100,RU,1624386981,82,61.2767,108.0108,13.83,2.09
hamilton,1,US,1624386959,43,39.1834,-84.5333,21.44,1.79
khatanga,10,RU,1624386983,66,71.9667,102.5,10.77,7.8
valparaiso,90,CL,1624386753,75,-33.0393,-71.6273,17.51,6.17
springfield,1,US,1624386987,46,37.2153,-93.2982,25.56,2.06
chuy,100,UY,1624386988,75,-33.6971,-53.4616,14.44,4.46
saint-ambroise,100,CA,1624386989,66,48.5501,-71.3324,14.27,5.66
avarua,75,CK,1624386991,94,-21.2078,-159.775,19.03,1.54
thinadhoo,68,MV,1624386992,75,0.5333,72.9333,28.46,5.29
monterey,0,US,1624386994,50,36.2505,-121.2516,25.47,4.33
san luis,4,AR,1624386824,42,-33.295,-66.3356,16.1,3.43
nome,40,US,1624386996,63,64.5011,-165.4064,19.53,1.54
suluq,0,LY,1624386997,26,31.6682,20.2521,30.74,4.32
kavieng,11,PG,1624386999,76,-2.5744,150.7967,27.84,3.05
doume,39,CM,1624387001,96,4.2333,13.45,19.53,0.78
port hedland,55,AU,1624387002,87,-20.3167,118.5667,11.03,3.09
hami,100,CN,1624387004,18,42.8,93.45,29.12,5.37
vaini,75,TO,1624387005,100,-21.2,-175.2,21.09,2.57
zalantun,10,CN,1624386908,79,48.0,122.7167,15.64,1.97
airai,31,TL,1624387007,96,-8.9266,125.4092,14.91,0.48
krasnoselkup,100,RU,1624387009,95,65.7,82.4667,4.51,5.06
tuktoyaktuk,90,CA,1624387010,100,69.4541,-133.0374,3.0,7.72
kutum,77,SD,1624387011,26,14.2,24.6667,29.31,3.05
kampong cham,100,KH,1624387013,86,11.9934,105.4635,25.02,2.48
lorengau,45,PG,1624387015,81,-2.0226,147.2712,26.95,3.29
korla,82,CN,1624387016,32,41.7597,86.1469,22.49,0.92
bambous virieux,75,MU,1624387019,73,-20.3428,57.7575,21.14,3.09
nantucket,40,US,1624387020,83,41.2835,-70.0995,28.12,4.63
izumo,24,JP,1624387021,91,35.3667,132.7667,19.97,1.58
arraial do cabo,75,BR,1624387023,73,-22.9661,-42.0278,22.98,2.57
santa clara,75,CU,1624386767,62,22.4,-79.9667,32.0,2.57
rancho palos verdes,40,US,1624387025,60,33.7445,-118.387,22.22,6.69
kayunga,79,UG,1624387027,86,0.7025,32.8886,18.55,1.55
novyy urengoy,100,RU,1624387028,58,66.0833,76.6333,7.55,5.93
chastyye,40,RU,1624387029,73,57.2888,54.9728,21.65,2.8
biltine,100,TD,1624387031,23,14.5333,20.9167,33.39,2.97
peniche,51,PT,1624387032,80,39.3558,-9.3811,20.71,9.96
bambanglipuro,100,ID,1624387033,92,-7.95,110.2833,15.89,1.97
coquimbo,20,CL,1624387035,72,-29.9533,-71.3436,15.0,5.14
adrar,19,MR,1624387036,13,20.5022,-10.0711,37.21,5.42
jiexiu,2,CN,1624387037,49,37.0244,111.9125,23.26,1.63
stepnyak,100,KZ,1624387039,85,52.8339,70.7803,11.15,2.34
chilliwack,0,CA,1624387040,50,49.1747,-121.9443,28.53,2.24
kongwa,16,TZ,1624387041,78,-6.2,36.4167,16.34,2.21
solnechnyy,81,RU,1624387043,79,50.7214,136.6319,14.91,2.01
la ronge,100,CA,1624387044,41,55.1001,-105.2842,24.0,3.6
puerto ayora,20,EC,1624387046,61,-0.7393,-90.3518,28.0,8.23
esperance,100,AU,1624387047,78,-33.8667,121.9,10.91,14.24
mehamn,75,NO,1624387048,87,71.0357,27.8492,9.95,5.66
roald,20,NO,1624387050,67,62.5833,6.1333,18.03,3.6
fortuna,75,US,1624386895,84,40.5982,-124.1573,21.77,0.89
suntar,18,RU,1624387052,65,62.1444,117.6319,18.02,1.74
qasigiannguit,1,GL,1624387054,40,68.8193,-51.1922,11.0,4.63
isabela,100,PH,1624387055,85,6.7085,121.9711,25.03,1.99
wokha,100,IN,1624387058,99,26.1,94.2667,16.35,1.32
vao,62,NC,1624387060,67,-22.6667,167.4833,20.61,7.6
yakeshi,12,CN,1624386961,82,49.2833,120.7333,12.83,1.24
georgetown,20,MY,1624386938,79,5.4112,100.3354,27.16,0.45
hay river,75,CA,1624387063,82,60.8156,-115.7999,11.98,4.63
salvador,81,SV,1624387065,67,13.8333,-88.9167,26.14,1.73
naples,0,IT,1624387067,45,40.8333,14.25,30.0,1.03
catamarca,66,AR,1624387068,66,-28.4696,-65.7852,21.38,3.58
port hawkesbury,90,CA,1624387070,99,45.6169,-61.3485,23.16,2.24
lakota,100,CI,1624387071,97,5.8528,-5.6883,22.13,1.33
saskylakh,98,RU,1624387073,72,71.9167,114.0833,9.1,6.61
basse-pointe,99,MQ,1624387074,31,14.8695,-61.115,31.52,7.52
palafrugell,3,ES,1624387075,79,41.9174,3.1631,24.52,0.89
kuching,20,MY,1624387078,89,1.55,110.3333,26.12,0.0
chiriguana,99,CO,1624387079,69,9.3624,-73.6031,30.29,2.38
gimli,100,CA,1624387081,63,50.6336,-96.9907,24.68,4.12
craigieburn,90,AU,1624387082,66,-37.6,144.95,13.39,11.83
mahebourg,75,MU,1624387083,73,-20.4081,57.7,21.16,3.09
cameta,100,BR,1624387085,67,-2.2444,-49.4958,29.46,0.18
barrow,1,US,1624386903,70,71.2906,-156.7887,6.01,2.06
yellowknife,75,CA,1624387087,48,62.456,-114.3525,19.29,5.14
kahului,20,US,1624387088,78,20.8947,-156.47,27.01,6.17
vanimo,24,PG,1624387090,90,-2.6741,141.3028,24.74,2.4
bowen,75,AU,1624386919,94,-20.0167,148.2333,17.0,3.6
solntsevo,7,RU,1624387092,82,51.4185,36.7499,27.19,4.34
east london,0,ZA,1624387093,27,-33.0153,27.9116,24.52,4.63
tarakan,40,ID,1624387095,94,3.3,117.6333,25.72,0.51
antofagasta,100,CL,1624386964,72,-23.65,-70.4,16.6,2.24
aktash,100,RU,1624387097,95,50.3,87.7333,2.81,2.28
vestmannaeyjar,90,IS,1624387099,81,63.4427,-20.2734,9.0,8.23
ilulissat,1,GL,1624387100,40,69.2167,-51.1,11.01,4.63
tagusao,100,PH,1624387102,80,9.1924,117.8141,26.59,1.37
cherskiy,3,RU,1624387103,47,68.75,161.3,18.03,1.19
katsuura,100,JP,1624387104,84,35.1333,140.3,22.06,5.25
balkhash,37,KZ,1624387105,55,46.844,74.9804,16.71,3.29
ribeira grande,75,PT,1624387107,68,38.5167,-28.7,20.22,2.06
hithadhoo,99,MV,1624387108,71,-0.6,73.0833,27.79,2.94
mayo,100,US,1624387109,94,38.8876,-76.5119,19.85,3.13
comandau,11,RO,1624387111,95,45.7667,26.2667,16.64,1.42
den helder,90,NL,1624386843,63,52.9599,4.7593,15.55,4.12
clyde river,90,CA,1624387113,93,70.4692,-68.5914,1.13,9.77
tasiilaq,1,GL,1624387115,75,65.6145,-37.6368,9.09,2.72
ashford,100,GB,1624387116,65,51.1459,0.8728,15.56,3.58
kodiak,90,US,1624387117,93,57.79,-152.4072,8.73,4.12
jiaojiang,0,CN,1624387119,88,28.6803,121.4428,20.56,1.96
souillac,75,MU,1624387120,73,-20.5167,57.5167,21.21,3.09
nalut,5,LY,1624387121,11,30.3333,10.85,36.42,4.79
anchorage,75,US,1624386922,73,61.2181,-149.9003,16.53,1.79
okha,100,RU,1624387124,85,53.5739,142.9478,8.93,5.04
sao gabriel da cachoeira,20,BR,1624387125,74,-0.1303,-67.0892,28.89,2.57
dubbo,100,AU,1624387126,93,-32.25,148.6167,9.07,5.14
cidreira,14,BR,1624387127,83,-30.1811,-50.2056,17.05,4.28
upington,0,ZA,1624387129,36,-28.4478,21.2561,17.21,3.6
hasaki,100,JP,1624387130,83,35.7333,140.8333,21.22,4.75
faanui,24,PF,1624387131,75,-16.4833,-151.75,26.58,3.29
port-gentil,40,GA,1624387133,88,-0.7193,8.7815,25.0,3.6
luderitz,3,NA,1624387134,95,-26.6481,15.1594,14.72,4.55
sovetskiy,15,RU,1624387135,61,61.3614,63.5842,11.01,3.91
upernavik,0,GL,1624387137,56,72.7868,-56.1549,6.22,4.39
chokurdakh,71,RU,1624387138,35,70.6333,147.9167,20.52,2.54
loa janan,99,ID,1624387139,96,-0.583,117.095,22.66,0.36
sao miguel do araguaia,0,BR,1624387038,20,-13.275,-50.1628,34.92,1.77
doha,0,QA,1624387072,63,25.2867,51.5333,35.17,1.03
bathsheba,75,BB,1624387143,58,13.2167,-59.5167,29.34,10.29
waddan,1,LY,1624387144,16,29.1614,16.139,35.77,5.36
pasni,19,PK,1624387146,81,25.2631,63.471,28.32,4.99
madurai,40,IN,1624387147,83,9.9333,78.1167,27.01,0.0
pitanga,22,BR,1624387148,78,-24.7572,-51.7614,18.71,0.92
karatau,52,KZ,1624387149,37,43.1667,70.4667,16.68,2.53
brae,100,GB,1624387151,76,60.3964,-1.353,12.0,5.14
san quintin,8,MX,1624387152,67,30.4833,-115.95,22.44,5.06
itacare,2,BR,1624387153,77,-14.2775,-38.9967,26.94,4.05
siderno,0,IT,1624387155,55,38.2779,16.302,28.94,3.47
dali,91,CN,1624387156,93,25.7,100.1833,17.53,1.16
talaya,100,RU,1624387157,74,61.3833,152.75,9.88,1.01
lakes entrance,100,AU,1624387159,74,-37.8811,147.981,6.21,2.11
saint-pierre,90,RE,1624387160,88,-21.3393,55.4781,18.0,3.09
sawakin,9,SD,1624387161,38,19.1059,37.3321,33.4,2.25
luzhou,33,CN,1624387164,77,28.8724,105.4405,23.91,0.73
troitskoye,100,RU,1624387165,90,52.9821,84.6757,9.27,4.05
kawalu,81,ID,1624387166,97,-7.3817,108.2082,21.4,0.54
kismayo,51,SO,1624387168,83,-0.3582,42.5454,24.73,7.78
tiarei,13,PF,1624387169,79,-17.5333,-149.3333,27.01,2.56
kargil,100,IN,1624387170,46,34.5667,76.1,10.87,2.82
beira,20,MZ,1624387172,83,-19.8436,34.8389,22.05,2.06
camacha,40,PT,1624387173,68,33.0833,-16.3333,19.68,6.69
newport,93,GB,1624387175,54,51.5877,-2.9984,18.08,2.47
shingu,100,JP,1624387177,89,33.7333,135.9833,21.06,2.54
coihaique,0,CL,1624387178,93,-45.5752,-72.0662,2.06,0.0
mikhaylovka,7,RU,1624387179,57,50.06,43.2379,24.35,4.53
bushenyi,88,UG,1624387180,70,-0.5853,30.2114,17.15,1.91
alice springs,40,AU,1624387182,100,-23.7,133.8833,10.75,3.6
san jose,20,US,1624386991,53,37.3394,-121.895,26.99,1.34
port moresby,40,PG,1624387184,94,-9.4431,147.1797,23.68,5.14
vostok,11,RU,1624387185,74,46.4856,135.8833,11.18,1.63
iqaluit,90,CA,1624387187,93,63.7506,-68.5145,1.85,7.72
amapa,7,BR,1624387188,45,1.0,-52.0,31.48,1.79
kristiansund,0,NO,1624387189,51,63.1115,7.732,18.03,4.63
odweyne,67,SO,1624387191,50,9.4092,45.064,24.49,5.99
severo-kurilsk,28,RU,1624387192,90,50.6789,156.125,6.86,2.92
raichur,100,IN,1624387193,57,16.2,77.3667,29.08,7.1
beringovskiy,100,RU,1624387195,75,63.05,179.3167,5.39,4.6
piombino,12,IT,1624387196,78,42.9348,10.5221,25.71,1.79
namibe,53,AO,1624387197,84,-15.1961,12.1522,20.68,1.41
zhanaozen,0,KZ,1624387199,12,43.3,52.8,30.98,10.44
haines junction,59,CA,1624387200,54,60.7522,-137.5108,12.97,1.03
caconda,55,AO,1624387203,39,-13.7333,15.0667,14.41,1.71
cayenne,75,GF,1624387204,74,4.9333,-52.3333,31.02,0.89
abancay,59,PE,1624387205,43,-13.6339,-72.8814,21.58,3.46
cabo san lucas,1,MX,1624387192,54,22.8909,-109.9124,34.34,1.54
passo de camaragibe,2,BR,1624387208,77,-9.2368,-35.4901,24.75,2.15
hofn,5,IS,1624387209,59,64.2539,-15.2082,11.48,2.67
ak-dovurak,44,RU,1624387210,88,51.1833,90.6,12.0,1.53
tautira,4,PF,1624387212,79,-17.7333,-149.15,27.01,2.67
saint george,1,US,1624387213,13,37.1041,-113.5841,38.26,1.79
letnyaya stavka,100,RU,1624387214,28,45.4306,43.4472,25.12,4.44
tezu,100,IN,1624387217,90,27.9167,96.1667,24.51,1.76
walvis bay,0,NA,1624387218,55,-22.9575,14.5053,19.53,1.54
macapa,40,BR,1624387219,55,0.0389,-51.0664,33.99,5.14
anadyr,0,RU,1624387221,76,64.75,177.4833,10.28,1.79
saint-jovite,100,CA,1624387097,67,46.1186,-74.5966,18.04,1.03
metro,96,ID,1624387223,90,-5.1131,105.3067,23.41,1.7
norman wells,90,CA,1624387224,58,65.282,-126.8329,11.02,8.75
raton,1,US,1624387226,39,36.9034,-104.4391,31.7,4.63
flinders,100,AU,1624387227,86,-34.5833,150.8552,15.21,0.45
camargo,26,MX,1624387228,26,27.6667,-105.1667,34.63,2.46
labuhan,63,ID,1624387229,89,-6.8844,112.2051,24.91,3.18
kansanshi,67,ZM,1624387231,51,-12.0951,26.4273,14.96,1.43
namatanai,16,PG,1624387232,82,-3.6667,152.4333,26.29,2.87
lompoc,1,US,1624387233,62,34.6391,-120.4579,24.5,1.54
kovdor,100,RU,1624387235,96,67.5662,30.4758,13.61,2.64
guerrero negro,75,MX,1624387236,62,27.9769,-114.0611,23.38,4.54
kindu,100,CD,1624387238,64,-2.95,25.95,21.05,1.06
magadan,100,RU,1624387239,89,59.5667,150.8,9.49,0.67
kholodnyy,100,RU,1624387240,87,62.7167,147.95,7.69,0.64
asfi,0,MA,1624387242,70,32.2994,-9.2372,19.78,9.73
neiafu,75,TO,1624387243,94,-18.65,-173.9833,17.38,0.0
djougou,93,BJ,1624387245,80,9.7085,1.666,25.06,2.04
cap malheureux,5,MU,1624387247,69,-19.9842,57.6142,21.27,6.42
mankono,100,CI,1624387248,92,8.0586,-6.1897,22.0,1.68
bershet,1,RU,1624387249,77,57.7309,56.3783,23.59,1.83
marondera,100,ZW,1624387251,49,-18.1853,31.5519,13.27,1.34
terra nova,82,BR,1624387252,57,-12.3667,-40.6667,28.32,4.88
namalenga,41,TZ,1624387253,79,-10.95,39.1,20.89,3.36
vila franca do campo,100,PT,1624387255,68,37.7167,-25.4333,20.23,1.92
lagoa,82,PT,1624387256,73,39.05,-27.9833,18.62,0.83
kanker,100,IN,1624387258,84,20.2719,81.4931,25.04,1.34
san patricio,53,US,1624387259,55,28.017,-97.5169,32.87,3.72
vilhena,40,BR,1624387260,48,-12.7406,-60.1458,30.12,2.57
lavrentiya,58,RU,1624387262,74,65.5833,-171.0,8.55,0.38
rio grande,100,BR,1624387243,83,-32.035,-52.0986,17.06,5.81
mao,20,ES,1624387264,69,39.8885,4.2658,24.31,3.09
tiksi,100,RU,1624387266,57,71.6872,128.8694,10.3,3.76
ostrovnoy,2,RU,1624387268,80,68.0531,39.5131,15.7,0.63
kapit,100,MY,1624387270,91,2.0167,112.9333,23.83,0.42
deputatskiy,100,RU,1624387271,53,69.3,139.9,13.03,2.38
jasper,1,US,1624387274,47,37.2001,-94.3502,26.67,4.12
sibolga,100,ID,1624387276,89,1.7427,98.7792,22.91,1.34
bereda,92,ES,1624387277,85,43.2686,-7.5406,15.23,1.97
grindavik,90,IS,1624387279,93,63.8424,-22.4338,8.0,5.66
mashivka,92,UA,1624387280,67,49.4431,34.8669,23.84,5.08
moron,17,AR,1624387101,73,-34.6534,-58.6198,15.56,2.68
windhoek,0,NA,1624387283,41,-22.5594,17.0832,15.11,1.54
sorland,20,NO,1624387284,82,67.667,12.6934,11.0,4.12
baijiantan,99,CN,1624387285,36,45.6333,85.1833,20.11,9.71
rapar,62,IN,1624387287,64,23.5667,70.6333,30.14,6.69
safaga,0,EG,1624387288,37,26.7292,33.9365,32.97,5.17
pangnirtung,75,CA,1624387289,31,66.1451,-65.7125,15.0,8.23
cananeia,85,BR,1624387271,84,-25.0147,-47.9267,18.8,2.62
murray bridge,100,AU,1624387293,87,-35.1167,139.2667,14.13,6.02
zabaykalsk,10,RU,1624387295,55,49.6333,117.3167,16.39,0.8
aklavik,40,CA,1624387297,58,68.2191,-135.0107,14.0,5.14
busayra,0,JO,1624387298,47,30.7376,35.6078,20.8,2.6
gap,99,FR,1624387299,94,44.6667,6.0,15.56,1.34
mabitac,100,PH,1624387301,93,14.4259,121.429,27.75,1.45
paamiut,79,GL,1624387302,96,61.994,-49.6678,5.02,4.78
west wendover,1,US,1624387109,12,40.7391,-114.0733,31.56,3.09
zmeinogorsk,100,RU,1624387305,95,51.1567,82.195,8.11,1.76
tripoli,46,LY,1624387307,41,32.8752,13.1875,31.86,7.42
pangody,100,RU,1624387309,54,65.85,74.4859,6.81,6.13
san rafael,6,AR,1624387311,43,-34.6177,-68.3301,13.37,6.16
mlandizi,3,TZ,1624387312,94,-6.7,38.7333,23.14,0.75
tanete,60,ID,1624387313,97,-3.9443,119.7848,22.95,0.99
buchanan,100,LR,1624387315,81,5.8808,-10.0467,26.98,2.22
mugango,100,TZ,1624387316,67,-1.6833,33.7,20.91,3.29
uglovskoye,100,RU,1624387317,83,51.3557,80.1942,11.01,2.77
chifeng,2,CN,1624387192,49,42.2683,118.9636,16.99,1.18
pudozh,0,RU,1624387320,60,61.8099,36.5345,23.25,1.95
ayorou,1,NE,1624387321,32,14.7308,0.9174,35.82,1.18
klaksvik,100,FO,1624387323,92,62.2266,-6.589,10.51,5.0
turukhansk,100,RU,1624387324,95,65.8167,87.9833,4.57,4.8
belyy yar,40,RU,1624387325,94,53.6039,91.3903,13.94,0.0
yulara,90,AU,1624387328,100,-25.2406,130.9889,9.0,2.06
coracora,81,PE,1624387329,37,-15.0333,-73.7833,16.32,3.45
ventspils,0,LV,1624387330,88,57.3894,21.5606,22.96,1.54
laguna,1,US,1624387332,53,38.421,-121.4238,30.92,1.34
beyneu,0,KZ,1624387333,17,45.3167,55.2,28.83,6.88
san juan,2,AR,1624387205,31,-31.5375,-68.5364,15.33,2.63
kodinsk,36,RU,1624387336,84,58.6881,99.1844,8.96,0.34
latung,100,PH,1624387338,70,5.5,120.8833,28.26,2.54
ambulu,42,ID,1624387339,92,-8.345,113.6058,23.58,1.06
tabou,100,CI,1624387340,87,4.423,-7.3528,24.93,2.39
bogorodskoye,2,RU,1624387342,71,56.55,37.8833,22.81,2.63
bataipora,94,BR,1624387343,63,-22.2953,-53.2711,24.78,1.88
brigantine,90,US,1624387345,92,39.4101,-74.3646,19.47,7.72
longyearbyen,75,SJ,1624387347,81,78.2186,15.6401,3.91,6.69
lewistown,75,US,1624387349,63,40.5992,-77.5714,18.37,3.6
new norfolk,100,AU,1624387351,91,-42.7826,147.0587,6.07,1.35
carballo,98,ES,1624387352,86,43.213,-8.691,16.11,3.13
maposeni,90,TZ,1624387354,70,-10.5833,35.4,17.74,1.35
coahuayana,47,MX,1624387355,62,18.7333,-103.6833,31.92,3.22
farafangana,34,MG,1624387356,81,-22.8167,47.8333,18.46,1.67
nanortalik,61,GL,1624387357,89,60.1432,-45.2371,6.33,2.25
koszalin,100,PL,1624387359,80,54.1944,16.1722,17.04,3.88
bonthe,100,SL,1624387360,81,7.5264,-12.505,26.18,3.17
parrita,63,CR,1624387361,69,9.5201,-84.3225,34.87,3.24
zhigansk,21,RU,1624387363,62,66.7697,123.3711,20.19,2.42
novaya igirma,99,RU,1624387365,66,57.1334,103.9112,11.12,1.54
ponta do sol,40,PT,1624387366,68,32.6667,-17.1,21.0,7.72
touros,43,BR,1624387368,66,-5.1989,-35.4608,29.5,6.1
cockburn town,40,TC,1624387149,70,21.4612,-71.1419,28.98,6.17
nouadhibou,10,MR,1624387370,68,20.931,-17.0347,22.99,9.77
provideniya,66,RU,1624387371,61,64.3833,-173.3,11.61,2.06
zhezkazgan,79,KZ,1624387373,43,47.8043,67.7144,16.95,1.9
agua verde,83,MX,1624387374,73,22.9,-106.05,28.91,4.14
kirillov,9,RU,1624387375,68,59.863,38.3813,26.96,2.44
warrnambool,100,AU,1624387377,72,-38.3833,142.4833,12.67,8.65
laytown,100,IE,1624387378,72,53.6819,-6.2392,15.61,5.79
synya,56,RU,1624387379,69,65.3718,58.0387,9.03,2.5
troitsko-pechorsk,92,RU,1624387381,82,62.7084,56.1964,11.25,1.57
adre,100,TD,1624387382,32,13.4667,22.2,29.27,1.87
port blair,99,IN,1624387383,81,11.6667,92.75,27.85,7.93
genhe,0,CN,1624387209,95,50.7833,121.5167,12.0,0.54
farmington,1,US,1624387202,11,36.7281,-108.2187,35.06,2.57
moissala,100,TD,1624387388,67,8.3404,17.7663,25.73,1.5
omboue,100,GA,1624387389,83,-1.5746,9.2618,24.06,4.25
tromso,75,NO,1624387390,71,69.6496,18.957,10.36,1.54
albenga,0,IT,1624387392,69,44.0529,8.216,25.0,3.6
washington,0,US,1624387365,28,47.5001,-120.5015,31.63,1.97
los llanos de aridane,20,ES,1624387395,75,28.6585,-17.9182,20.86,6.17
moose factory,75,CA,1624387397,58,51.2585,-80.6094,14.0,5.66
pedernales,100,DO,1624387398,65,18.0384,-71.744,30.12,3.12
huarmey,41,PE,1624387399,70,-10.0681,-78.1522,21.69,5.25
bima,100,ID,1624387401,95,-8.4667,118.7167,23.95,1.85
tahta,0,EG,1624387402,16,26.7693,31.5021,35.0,9.26
ligaya,100,PH,1624387404,81,12.6599,120.8923,26.26,0.38
husavik,100,IS,1624387405,91,66.0449,-17.3389,12.95,8.25
hearst,100,CA,1624387406,49,49.6835,-83.6665,13.14,2.73
lebu,100,CL,1624387408,88,-37.6167,-73.65,13.42,11.29
kavaratti,100,IN,1624387409,77,10.5669,72.642,28.28,8.02
palembang,60,ID,1624387122,93,-2.9167,104.7458,23.26,1.35
portland,1,US,1624387188,58,45.5234,-122.6762,27.28,0.45
lasa,82,IT,1624387412,82,46.6166,10.7002,25.49,2.16
tongchuan,100,CN,1624387414,48,35.0806,109.0897,24.26,2.67
mangrol,83,IN,1624387417,77,21.1167,70.1167,29.18,3.58
abu samrah,0,SY,1624387419,52,35.3029,37.1841,23.37,4.74
srisailam,100,IN,1624387420,55,16.0833,78.8667,27.74,1.63
matagami,75,CA,1624387422,62,49.7502,-77.6328,11.06,3.6
ban nahin,100,LA,1624387424,92,18.2418,104.2122,25.36,0.88
redcar,1,GB,1624387425,69,54.6166,-1.06,19.18,2.47
peace river,75,CA,1624387426,49,56.2501,-117.286,24.17,9.26
acapulco,90,MX,1624387200,70,16.8634,-99.8901,30.9,2.57
taldan,87,RU,1624387429,82,53.6667,124.8,15.17,1.11
north bend,90,US,1624387430,86,43.4065,-124.2243,16.03,4.63
rongcheng,0,CN,1624387431,87,30.634,117.8517,19.87,1.63
vila velha,0,BR,1624387433,64,-20.3297,-40.2925,23.97,5.14
seoul,0,KR,1624387426,77,37.5683,126.9778,19.78,3.09
churapcha,8,RU,1624387435,84,62.0025,132.4325,13.36,3.19
asau,12,RO,1624387436,83,46.4333,26.4,21.11,1.72
maputo,0,MZ,1624387218,85,-25.9653,32.5892,19.82,1.34
imbituba,85,BR,1624387439,92,-28.24,-48.6703,19.94,1.87
kharp,91,RU,1624387440,69,66.8014,65.8081,6.75,2.31
maun,0,BW,1624387443,48,-19.9833,23.4167,18.98,1.03
jaszapati,0,HU,1624387444,65,47.5167,20.15,30.34,3.2
ankpa,100,NG,1624387445,93,7.3706,7.6253,22.24,1.66
panguna,13,PG,1624387447,94,-6.3164,155.4848,19.77,1.04
danjiangkou,100,CN,1624387448,66,32.5428,111.5086,22.32,0.96
vardo,100,NO,1624387449,93,70.3705,31.1107,9.0,3.6
sioux lookout,75,CA,1624387451,51,50.1001,-91.917,15.04,2.57
selenduma,100,RU,1624387452,87,50.9131,106.2406,12.93,1.25
poopo,16,BO,1624387453,23,-18.3667,-66.9667,15.43,4.9
viseu,73,PT,1624387456,60,40.661,-7.9097,18.67,2.35
vilyuysk,100,RU,1624387457,57,63.7553,121.6247,20.61,1.96
salalah,75,OM,1624387458,89,17.0151,54.0924,27.05,3.09
mirante do paranapanema,81,BR,1624387460,63,-22.2919,-51.9064,24.96,1.8
maragogi,11,BR,1624387462,80,-9.0122,-35.2225,25.63,2.96
beloha,0,MG,1624387463,88,-25.1667,45.05,18.02,5.41
gabu,100,GW,1624387465,63,12.2833,-14.2167,29.2,1.83
jishui,100,CN,1624387466,57,33.7333,115.4,25.1,2.9
korsor,21,DK,1624387468,67,55.3299,11.1386,17.78,2.57
marzuq,100,YE,1624387469,32,14.4,46.4667,29.9,3.56
skibotn,75,NO,1624387470,76,69.3913,20.2679,9.44,5.66
pitimbu,20,BR,1624387472,65,-7.4706,-34.8086,29.0,5.14
conceicao do araguaia,0,BR,1624387473,28,-8.2578,-49.2647,36.07,3.6
omis,0,HR,1624387474,61,43.4447,16.6886,27.0,2.57
port lincoln,71,AU,1624387476,85,-34.7333,135.8667,12.08,8.69
maniwaki,100,CA,1624387477,47,46.3834,-75.966,14.21,3.09
turcianske teplice,0,SK,1624387478,87,48.8623,18.8605,24.68,0.29
henties bay,0,NA,1624387456,76,-22.116,14.2845,17.14,3.17
lata,81,PT,1624387481,70,40.1629,-8.3327,19.08,2.86
magadi,100,IN,1624387482,74,12.9667,77.2333,24.09,3.32
sitka,75,US,1624387483,76,57.0531,-135.33,11.94,0.0
mporokoso,83,ZM,1624387485,53,-9.3727,30.125,17.89,1.61
amot,80,NO,1624387486,80,59.5714,7.9877,17.09,1.31
yaan,66,NG,1624387487,93,7.3833,8.5667,22.27,2.29
mecca,8,SA,1624387489,26,21.4267,39.8261,33.22,2.57
eureka,68,US,1624387491,79,40.8021,-124.1637,17.33,4.02
kingisepp,100,RU,1624387492,77,59.3733,28.6134,21.48,0.42
dok kham tai,100,TH,1624387494,91,19.1624,99.9934,23.32,1.37
jacala,100,MX,1624387495,64,21.0167,-99.1833,23.04,1.32
verkhnyaya inta,0,RU,1624387497,66,65.9811,60.3094,8.55,3.63
gao,2,ML,1624387498,25,16.6362,1.637,35.77,5.15
fort morgan,1,US,1624387499,11,40.2503,-103.8,34.89,9.77
grand-santi,11,GF,1624387500,41,4.25,-54.3833,32.57,1.64
noumea,75,NC,1624387503,94,-22.2763,166.4572,20.56,1.54
sao joao da barra,100,BR,1624387504,65,-21.6403,-41.0511,24.05,3.96
grootfontein,0,NA,1624387506,57,-19.5667,18.1167,8.76,1.54
nizwa,62,OM,1624387507,25,22.9333,57.5333,33.62,4.45
sao filipe,32,CV,1624387509,77,14.8961,-24.4956,23.35,4.34
prince george,1,CA,1624387510,40,53.9166,-122.753,23.47,0.45
mackay,72,AU,1624387512,94,-21.15,149.2,17.8,3.6
mwingi,100,KE,1624387514,53,-0.9344,38.0601,21.17,3.86
porto murtinho,5,BR,1624387515,45,-21.6989,-57.8825,28.74,0.93
riyadh,0,SA,1624387516,7,24.6877,46.7219,40.03,4.63
ishim,100,RU,1624387518,87,56.1128,69.4902,10.41,1.59
recodo,75,PH,1624387519,88,6.9519,121.9636,25.01,2.06
nuuk,20,GL,1624387356,66,64.1835,-51.7216,11.0,6.17
takoradi,98,GH,1624387521,84,4.8845,-1.7554,25.43,4.07
taoudenni,2,ML,1624387522,6,22.6783,-3.9836,41.88,3.23
mabaruma,95,GY,1624387524,82,8.2,-59.7833,26.77,1.84
muros,75,ES,1624387525,67,42.7762,-9.0603,19.57,6.3
strezhevoy,46,RU,1624387526,87,60.7333,77.5889,8.99,2.51
road town,40,VG,1624387528,74,18.4167,-64.6167,31.05,4.63
maridi,100,SS,1624387529,82,4.9158,29.4742,20.47,0.58
xai-xai,0,MZ,1624387530,89,-25.0519,33.6442,17.12,3.37
camana,92,PE,1624387532,79,-16.6228,-72.7111,18.36,2.94
samana,75,DO,1624387533,89,19.2056,-69.3369,28.12,0.0
richards bay,11,ZA,1624387534,74,-28.783,32.0377,18.14,2.86
saint-francois,90,FR,1624387536,77,46.4154,3.9054,20.1,1.03
le port,12,RE,1624387537,85,-20.9373,55.2919,18.0,1.69
soe,16,ID,1624387538,95,-9.8607,124.284,18.21,0.99
ingham,90,US,1624387539,68,42.6,-84.3833,18.76,3.09
bonavista,95,CA,1624387541,66,48.6499,-53.1147,28.0,6.62
san rafael del sur,93,NI,1624387542,57,11.8485,-86.4384,31.54,4.11
shakhtinsk,44,KZ,1624387543,79,49.71,72.5872,7.31,0.74
rossano,0,IT,1624387545,43,39.5751,16.6349,28.96,2.72
yambio,17,SS,1624387546,88,4.5721,28.3955,20.75,0.83
natal,75,BR,1624387547,58,-5.795,-35.2094,30.12,6.69
mount isa,0,AU,1624387548,61,-20.7333,139.5,8.87,0.0
diego de almagro,100,CL,1624387551,31,-26.3667,-70.05,18.03,3.95
vanavara,100,RU,1624387552,79,60.34,102.2797,10.34,1.53
ust-kut,100,RU,1624387554,74,56.7938,105.7672,12.51,1.09
tayoltita,49,MX,1624387555,53,24.0833,-105.9333,29.99,3.43
mayskiy,98,RU,1624387512,52,47.6931,40.1025,28.02,4.05
san cristobal,89,VE,1624387557,59,7.7669,-72.225,24.79,2.99
keti bandar,45,PK,1624387558,75,24.1447,67.4497,28.66,6.96
papetoai,3,PF,1624387561,76,-17.4961,-149.8729,26.77,3.48
iquique,100,CL,1624387547,72,-20.2208,-70.1431,17.02,1.42
ushibuka,0,JP,1624387565,77,32.1906,130.0228,22.11,1.92
linxia,100,CN,1624387566,66,35.6003,103.2064,17.65,1.01
khartoum,82,SD,1624387301,29,15.5518,32.5324,35.01,11.94
acarau,16,BR,1624387569,71,-2.8856,-40.12,28.16,7.29
tokur,82,RU,1624387572,98,53.1333,132.9,10.4,0.84
puerto del rosario,40,ES,1624387573,73,28.5004,-13.8627,22.82,7.2
kashi,85,CN,1624387575,9,39.4547,75.9797,27.56,8.0
varna,0,BG,1624387484,93,43.2167,27.9167,22.91,1.03
ancud,100,CL,1624387578,92,-41.8697,-73.8203,9.57,3.21
itaituba,40,BR,1624387579,55,-4.2761,-55.9836,33.09,1.32
edson,1,CA,1624387504,28,53.5835,-116.4356,27.06,9.26
belaya gora,1,RU,1624387582,43,68.5333,146.4167,18.15,0.92
cabra,0,ES,1624387583,32,37.4725,-4.4421,26.25,3.49
yermakovskoye,100,RU,1624387584,98,53.2831,92.4003,12.92,2.68
chokwe,0,MZ,1624387586,49,-24.5333,32.9833,18.61,2.98
nhulunbuy,90,AU,1624387588,94,-12.2333,136.7667,25.34,3.09
wewak,12,PG,1624387589,87,-3.5534,143.6268,25.71,2.9
port shepstone,0,ZA,1624387591,50,-30.7414,30.455,18.63,3.18
sechura,80,PE,1624387592,60,-5.5569,-80.8222,25.27,5.08
jefferson city,1,US,1624387566,33,38.5767,-92.1735,27.1,4.47
narsaq,16,GL,1624387594,74,60.9167,-46.05,18.12,4.17
chulym,100,RU,1624387596,91,55.0997,80.9572,9.33,2.76
pacific grove,40,US,1624387392,76,36.6177,-121.9166,25.24,1.79
buenos aires,20,AR,1624387427,76,-34.6132,-58.3772,16.66,2.57
rock sound,0,BS,1624387599,79,24.9,-76.2,27.56,6.61
sfantu gheorghe,39,RO,1624387426,88,45.8667,25.7833,19.96,0.65
ayolas,100,PY,1624387602,71,-27.4,-56.9,17.26,3.3
gorgan,0,IR,1624387466,74,36.8387,54.4348,26.98,0.0
owando,100,CG,1624387604,93,-0.4819,15.8999,21.57,0.96
arles,0,FR,1624387605,41,43.6768,4.6303,27.27,4.12
biak,20,ID,1624387607,81,-0.9131,122.8766,23.79,0.26
codrington,100,AU,1624387608,67,-38.2667,141.9667,12.88,6.49
kolda,40,SN,1624387609,52,12.8833,-14.95,35.17,4.12
vrangel,5,RU,1624387612,91,42.7297,133.0839,12.77,1.63
lac du bonnet,32,CA,1624387613,39,50.2536,-96.0612,23.66,4.57
bondo,100,CD,1624387614,99,3.8146,23.6866,20.98,0.79
ciudad bolivar,79,VE,1624387615,68,8.1222,-63.5497,27.95,1.18
necochea,92,AR,1624387617,66,-38.5473,-58.7368,11.69,4.59
belmonte,16,BR,1624387618,74,-15.8631,-38.8828,26.28,3.62
ryazhsk,0,RU,1624387619,65,53.7038,40.1109,25.32,2.35
stryn,0,NO,1624387622,52,61.9045,6.7226,17.4,2.19
yeppoon,97,AU,1624387623,69,-23.1333,150.7333,15.88,6.18
ergani,0,TR,1624387624,25,38.2653,39.7621,26.4,1.87
lipin bor,6,RU,1624387626,71,60.2622,37.9763,21.5,3.39
erzin,23,TR,1624387627,87,36.9559,36.2,24.4,1.55
taiyuan,0,CN,1624387628,46,37.8694,112.5603,22.92,3.0
lima,90,PE,1624387600,74,-12.0432,-77.0282,21.06,2.06
aleksandrov gay,0,RU,1624387631,34,50.147,48.5704,26.9,4.2
kyra,33,RU,1624387632,90,49.5776,111.9753,13.44,1.18
caravelas,92,BR,1624387633,72,-17.7125,-39.2481,23.87,2.76
acurenam,97,GQ,1624387635,98,1.0322,10.6488,19.67,1.88
stromness,99,GB,1624387636,71,58.965,-3.296,13.14,4.18
siocon,100,PH,1624387637,85,7.7061,122.1353,25.48,1.77
dunedin,100,NZ,1624387639,79,-45.8742,170.5036,7.67,3.13
ponta delgada,75,PT,1624387640,64,37.7333,-25.6667,20.4,2.06
pemangkat,100,ID,1624387641,80,1.1667,108.9667,26.23,1.92
